{
    "hour": {
        "mean": 18.95,
        "median": 19.0,
        "std_dev": 2.139232523470435,
        "min": 16.0,
        "max": 23.0,
        "count": 20.0
    },
    "DAY_OF_WEEK": {
        "mean": 3.9,
        "median": 4.0,
        "std_dev": 0.7880689256524124,
        "min": 3.0,
        "max": 5.0,
        "count": 20.0
    },
    "weighted_ppl_killed": {
        "mean": 8.330000000000002,
        "median": 7.575,
        "std_dev": 2.2101369331238043,
        "min": 5.07,
        "max": 13.09,
        "count": 20.0
    }
}