{
    "hour": {
        "mean": 10.944444444444445,
        "median": 11.0,
        "std_dev": 2.754081937826367,
        "min": 6.0,
        "max": 15.0,
        "count": 18.0
    },
    "DAY_OF_WEEK": {
        "mean": 6.555555555555555,
        "median": 7.0,
        "std_dev": 0.5113099925649136,
        "min": 6.0,
        "max": 7.0,
        "count": 18.0
    },
    "weighted_ppl_killed": {
        "mean": 8.220555555555556,
        "median": 8.23,
        "std_dev": 2.057012317221901,
        "min": 4.59,
        "max": 11.71,
        "count": 18.0
    }
}