{
    "hour": {
        "mean": 4.076923076923077,
        "median": 3.0,
        "std_dev": 5.936631177998996,
        "min": 0.0,
        "max": 23.0,
        "count": 13.0
    },
    "DAY_OF_WEEK": {
        "mean": 4.230769230769231,
        "median": 7.0,
        "std_dev": 3.1132471299766253,
        "min": 1.0,
        "max": 7.0,
        "count": 13.0
    },
    "weighted_ppl_killed": {
        "mean": 38.24769230769231,
        "median": 40.29,
        "std_dev": 11.408386647437748,
        "min": 18.74,
        "max": 50.49,
        "count": 13.0
    }
}