{
    "hour": {
        "mean": 18.68421052631579,
        "median": 20.0,
        "std_dev": 5.055828666872714,
        "min": 0.0,
        "max": 23.0,
        "count": 19.0
    },
    "DAY_OF_WEEK": {
        "mean": 6.2105263157894735,
        "median": 6.0,
        "std_dev": 0.7132825035177586,
        "min": 5.0,
        "max": 7.0,
        "count": 19.0
    },
    "weighted_ppl_killed": {
        "mean": 12.709473684210526,
        "median": 12.7,
        "std_dev": 5.528063226929995,
        "min": 5.05,
        "max": 22.42,
        "count": 19.0
    }
}