{
    "hour": {
        "mean": 18.352941176470587,
        "median": 19.0,
        "std_dev": 5.255249476363947,
        "min": 0.0,
        "max": 23.0,
        "count": 17.0
    },
    "DAY_OF_WEEK": {
        "mean": 1.5294117647058822,
        "median": 2.0,
        "std_dev": 0.5144957554275266,
        "min": 1.0,
        "max": 2.0,
        "count": 17.0
    },
    "weighted_ppl_killed": {
        "mean": 11.63235294117647,
        "median": 12.53,
        "std_dev": 4.229578184363904,
        "min": 5.6,
        "max": 19.54,
        "count": 17.0
    }
}