{
    "hour": {
        "mean": 4.142857142857143,
        "median": 3.0,
        "std_dev": 4.767449153223496,
        "min": 0.0,
        "max": 23.0,
        "count": 21.0
    },
    "DAY_OF_WEEK": {
        "mean": 3.0952380952380953,
        "median": 3.0,
        "std_dev": 0.7684244858645451,
        "min": 2.0,
        "max": 4.0,
        "count": 21.0
    },
    "weighted_ppl_killed": {
        "mean": 15.959523809523809,
        "median": 13.88,
        "std_dev": 5.592751984658783,
        "min": 8.59,
        "max": 31.63,
        "count": 21.0
    }
}