{
    "hour": {
        "mean": 11.458333333333334,
        "median": 11.5,
        "std_dev": 2.413353551040303,
        "min": 7.0,
        "max": 15.0,
        "count": 24.0
    },
    "DAY_OF_WEEK": {
        "mean": 3.9583333333333335,
        "median": 4.0,
        "std_dev": 0.8064504441319255,
        "min": 3.0,
        "max": 5.0,
        "count": 24.0
    },
    "weighted_ppl_killed": {
        "mean": 7.953749999999999,
        "median": 7.965,
        "std_dev": 1.8947245124980228,
        "min": 4.75,
        "max": 12.05,
        "count": 24.0
    }
}