{
    "RESTRAINT_WORN": {
        "mean": 0.0,
        "median": 0.0,
        "std_dev": 0.0,
        "min": 0.0,
        "max": 0.0,
        "count": 1113.0
    },
    "SPEED_ZONE": {
        "mean": 65.25606469002696,
        "median": 60.0,
        "std_dev": 12.097922615958108,
        "min": 40.0,
        "max": 80.0,
        "count": 1113.0
    },
    "MAX_AGE": {
        "mean": 39.33602875112309,
        "median": 39.0,
        "std_dev": 16.822986726988724,
        "min": 15.0,
        "max": 70.0,
        "count": 1113.0
    },
    "SEX": {
        "mean": 0.7672955974842768,
        "median": 1.0,
        "std_dev": 0.4227453522716614,
        "min": 0.0,
        "max": 1.0,
        "count": 1113.0
    },
    "LIGHT_CONDITION": {
        "mean": 2.178796046720575,
        "median": 1.0,
        "std_dev": 1.457250412599128,
        "min": 1.0,
        "max": 9.0,
        "count": 1113.0
    },
    "severity_index": {
        "mean": 5.511230907457323,
        "median": 4.0,
        "std_dev": 3.5189760014260134,
        "min": 3.0,
        "max": 27.0,
        "count": 1113.0
    },
    "SEVERITY": {
        "mean": 1.0,
        "median": 1.0,
        "std_dev": 0.0,
        "min": 1.0,
        "max": 1.0,
        "count": 1113.0
    }
}