{
    "RESTRAINT_WORN": {
        "mean": 1.0,
        "median": 1.0,
        "std_dev": 0.0,
        "min": 1.0,
        "max": 1.0,
        "count": 2686.0
    },
    "SPEED_ZONE": {
        "mean": 94.9813849590469,
        "median": 100.0,
        "std_dev": 9.57473921341067,
        "min": 80.0,
        "max": 110.0,
        "count": 2686.0
    },
    "MAX_AGE": {
        "mean": 46.28778853313477,
        "median": 49.0,
        "std_dev": 17.69746312095744,
        "min": 15.0,
        "max": 70.0,
        "count": 2686.0
    },
    "SEX": {
        "mean": 0.6749813849590469,
        "median": 1.0,
        "std_dev": 0.46846901845782823,
        "min": 0.0,
        "max": 1.0,
        "count": 2686.0
    },
    "LIGHT_CONDITION": {
        "mean": 1.939687267311988,
        "median": 1.0,
        "std_dev": 1.6282228418838227,
        "min": 1.0,
        "max": 9.0,
        "count": 2686.0
    },
    "severity_index": {
        "mean": 6.325390915860015,
        "median": 5.0,
        "std_dev": 5.452609726236026,
        "min": 3.0,
        "max": 54.0,
        "count": 2686.0
    },
    "SEVERITY": {
        "mean": 1.0,
        "median": 1.0,
        "std_dev": 0.0,
        "min": 1.0,
        "max": 1.0,
        "count": 2686.0
    }
}