{
    "UNPROTECTED": {
        "mean": 1.0,
        "median": 1.0,
        "std_dev": 0.0,
        "min": 1.0,
        "max": 1.0,
        "count": 1288.0
    },
    "SPEED_ZONE": {
        "mean": 94.91459627329192,
        "median": 100.0,
        "std_dev": 9.799489607804828,
        "min": 80.0,
        "max": 110.0,
        "count": 1288.0
    },
    "MAX_AGE": {
        "mean": 40.78804347826087,
        "median": 39.0,
        "std_dev": 17.94446963759706,
        "min": 4.0,
        "max": 70.0,
        "count": 1288.0
    },
    "SEX": {
        "mean": 0.7414596273291926,
        "median": 1.0,
        "std_dev": 0.4380025083044387,
        "min": 0.0,
        "max": 1.0,
        "count": 1288.0
    },
    "LIGHT_CONDITION": {
        "mean": 2.455745341614907,
        "median": 1.0,
        "std_dev": 1.8205162234141454,
        "min": 1.0,
        "max": 9.0,
        "count": 1288.0
    },
    "severity_index": {
        "mean": 8.10636645962733,
        "median": 5.0,
        "std_dev": 9.058577728019426,
        "min": 3.0,
        "max": 54.0,
        "count": 1288.0
    },
    "SEVERITY": {
        "mean": 1.0,
        "median": 1.0,
        "std_dev": 0.0,
        "min": 1.0,
        "max": 1.0,
        "count": 1288.0
    }
}