{
    "UNPROTECTED": {
        "mean": 0.0,
        "median": 0.0,
        "std_dev": 0.0,
        "min": 0.0,
        "max": 0.0,
        "count": 630.0
    },
    "SPEED_ZONE": {
        "mean": 59.84126984126984,
        "median": 60.0,
        "std_dev": 7.72995402081758,
        "min": 30.0,
        "max": 70.0,
        "count": 630.0
    },
    "MAX_AGE": {
        "mean": 43.114285714285714,
        "median": 39.0,
        "std_dev": 18.91331457174915,
        "min": 4.0,
        "max": 70.0,
        "count": 630.0
    },
    "SEX": {
        "mean": 0.6507936507936508,
        "median": 1.0,
        "std_dev": 0.47709808275003274,
        "min": 0.0,
        "max": 1.0,
        "count": 630.0
    },
    "LIGHT_CONDITION": {
        "mean": 1.8396825396825396,
        "median": 1.0,
        "std_dev": 1.1297452028590549,
        "min": 1.0,
        "max": 6.0,
        "count": 630.0
    },
    "severity_index": {
        "mean": 4.995238095238095,
        "median": 4.0,
        "std_dev": 2.6216008999604865,
        "min": 3.0,
        "max": 21.0,
        "count": 630.0
    },
    "SEVERITY": {
        "mean": 1.0,
        "median": 1.0,
        "std_dev": 0.0,
        "min": 1.0,
        "max": 1.0,
        "count": 630.0
    }
}