{
    "UNPROTECTED": {
        "mean": 1.0,
        "median": 1.0,
        "std_dev": 0.0,
        "min": 1.0,
        "max": 1.0,
        "count": 705.0
    },
    "SPEED_ZONE": {
        "mean": 81.177304964539,
        "median": 80.0,
        "std_dev": 20.26538545994384,
        "min": 40.0,
        "max": 110.0,
        "count": 705.0
    },
    "MAX_AGE": {
        "mean": 39.40567375886525,
        "median": 39.0,
        "std_dev": 16.93587409610432,
        "min": 4.0,
        "max": 70.0,
        "count": 705.0
    },
    "SEX": {
        "mean": 0.7886524822695036,
        "median": 1.0,
        "std_dev": 0.4085541646836258,
        "min": 0.0,
        "max": 1.0,
        "count": 705.0
    },
    "LIGHT_CONDITION": {
        "mean": 2.4553191489361703,
        "median": 1.0,
        "std_dev": 1.732396261976641,
        "min": 1.0,
        "max": 9.0,
        "count": 705.0
    },
    "severity_index": {
        "mean": 5.862411347517731,
        "median": 4.0,
        "std_dev": 5.755883094701547,
        "min": 3.0,
        "max": 54.0,
        "count": 705.0
    },
    "SEVERITY": {
        "mean": 1.0,
        "median": 1.0,
        "std_dev": 0.0,
        "min": 1.0,
        "max": 1.0,
        "count": 705.0
    }
}