{
    "UNPROTECTED": {
        "mean": 0.0,
        "median": 0.0,
        "std_dev": 0.0,
        "min": 0.0,
        "max": 0.0,
        "count": 1373.0
    },
    "SPEED_ZONE": {
        "mean": 95.12017479970866,
        "median": 100.0,
        "std_dev": 9.587147128154776,
        "min": 80.0,
        "max": 110.0,
        "count": 1373.0
    },
    "MAX_AGE": {
        "mean": 43.67516387472688,
        "median": 49.0,
        "std_dev": 19.20070309481844,
        "min": 4.0,
        "max": 70.0,
        "count": 1373.0
    },
    "SEX": {
        "mean": 0.6547705753823744,
        "median": 1.0,
        "std_dev": 0.47561625876946645,
        "min": 0.0,
        "max": 1.0,
        "count": 1373.0
    },
    "LIGHT_CONDITION": {
        "mean": 1.9613983976693372,
        "median": 1.0,
        "std_dev": 1.6723079221539578,
        "min": 1.0,
        "max": 9.0,
        "count": 1373.0
    },
    "severity_index": {
        "mean": 6.593590677348871,
        "median": 5.0,
        "std_dev": 5.62773895726413,
        "min": 3.0,
        "max": 54.0,
        "count": 1373.0
    },
    "SEVERITY": {
        "mean": 1.0,
        "median": 1.0,
        "std_dev": 0.0,
        "min": 1.0,
        "max": 1.0,
        "count": 1373.0
    }
}