{
    "UNPROTECTED": {
        "mean": 1.0,
        "median": 1.0,
        "std_dev": 0.0,
        "min": 1.0,
        "max": 1.0,
        "count": 715.0
    },
    "SPEED_ZONE": {
        "mean": 57.88811188811189,
        "median": 60.0,
        "std_dev": 7.532473949306915,
        "min": 40.0,
        "max": 70.0,
        "count": 715.0
    },
    "MAX_AGE": {
        "mean": 38.857342657342656,
        "median": 39.0,
        "std_dev": 16.91018658370116,
        "min": 4.0,
        "max": 70.0,
        "count": 715.0
    },
    "SEX": {
        "mean": 0.7580419580419581,
        "median": 1.0,
        "std_dev": 0.42856881679615266,
        "min": 0.0,
        "max": 1.0,
        "count": 715.0
    },
    "LIGHT_CONDITION": {
        "mean": 2.0783216783216782,
        "median": 1.0,
        "std_dev": 1.3758694658776442,
        "min": 1.0,
        "max": 9.0,
        "count": 715.0
    },
    "severity_index": {
        "mean": 5.188811188811189,
        "median": 4.0,
        "std_dev": 3.2218421426307495,
        "min": 3.0,
        "max": 27.0,
        "count": 715.0
    },
    "SEVERITY": {
        "mean": 1.0,
        "median": 1.0,
        "std_dev": 0.0,
        "min": 1.0,
        "max": 1.0,
        "count": 715.0
    }
}