{
    "SPEED_ZONE": {
        "mean": 82.39061256961018,
        "median": 80.0,
        "std_dev": 18.948077084015267,
        "min": 30.0,
        "max": 110.0,
        "count": 1257.0
    },
    "ACCIDENT_TYPE": {
        "mean": 1.0,
        "median": 1.0,
        "std_dev": 0.0,
        "min": 1.0,
        "max": 1.0,
        "count": 1257.0
    },
    "severity_index": {
        "mean": 5.316626889419252,
        "median": 5.0,
        "std_dev": 2.919294274122783,
        "min": 3.0,
        "max": 30.0,
        "count": 1257.0
    }
}