{
    "SPEED_ZONE": {
        "mean": 80.45454545454545,
        "median": 80.0,
        "std_dev": 21.490927832491515,
        "min": 40.0,
        "max": 110.0,
        "count": 88.0
    },
    "ACCIDENT_TYPE": {
        "mean": 6.659090909090909,
        "median": 7.5,
        "std_dev": 1.7932591765830068,
        "min": 3.0,
        "max": 9.0,
        "count": 88.0
    },
    "severity_index": {
        "mean": 3.7045454545454546,
        "median": 3.0,
        "std_dev": 1.7950064253020526,
        "min": 3.0,
        "max": 14.0,
        "count": 88.0
    }
}