{
    "SPEED_ZONE": {
        "mean": 86.10426540284361,
        "median": 100.0,
        "std_dev": 18.773809192072566,
        "min": 40.0,
        "max": 110.0,
        "count": 1055.0
    },
    "ACCIDENT_TYPE": {
        "mean": 4.088151658767773,
        "median": 4.0,
        "std_dev": 0.6010758031981656,
        "min": 3.0,
        "max": 8.0,
        "count": 1055.0
    },
    "severity_index": {
        "mean": 3.980094786729858,
        "median": 3.0,
        "std_dev": 2.0437765928313776,
        "min": 3.0,
        "max": 21.0,
        "count": 1055.0
    }
}