{
    "SPEED_ZONE": {
        "mean": 65.125,
        "median": 60.0,
        "std_dev": 16.473709047156166,
        "min": 30.0,
        "max": 110.0,
        "count": 480.0
    },
    "ACCIDENT_TYPE": {
        "mean": 2.4854166666666666,
        "median": 2.0,
        "std_dev": 1.5480460555546471,
        "min": 2.0,
        "max": 9.0,
        "count": 480.0
    },
    "severity_index": {
        "mean": 3.4541666666666666,
        "median": 3.0,
        "std_dev": 1.540674463011006,
        "min": 3.0,
        "max": 27.0,
        "count": 480.0
    }
}